{
  "users": [
    {
      "id": 8218627647,
      "first_name": "console.log(\"yopandelreyz\");",
      "username": "yopandelreyz",
      "joined_at": "2025-11-13T16:26:02.530Z",
      "last_use": "2025-11-18T15:23:19.014Z"
    },
    {
      "id": 7948819278,
      "first_name": "szxenn",
      "username": "szxenn",
      "joined_at": "2025-11-13T23:12:44.238Z",
      "last_use": "2025-11-13T23:12:44.238Z"
    },
    {
      "id": 7116947316,
      "first_name": "Faazd",
      "username": "Faaxdd",
      "joined_at": "2025-11-14T10:06:10.494Z",
      "last_use": "2025-11-14T10:08:46.447Z"
    },
    {
      "id": 7547190633,
      "first_name": "𝕽𝖞𝖓𝖊𝖃",
      "username": "RyneX14",
      "joined_at": "2025-11-14T14:10:07.611Z",
      "last_use": "2025-11-14T14:12:17.851Z"
    },
    {
      "id": 717241913,
      "first_name": "Pacific",
      "username": "nemetrix",
      "joined_at": "2025-11-14T15:36:45.983Z",
      "last_use": "2025-11-14T15:37:09.571Z"
    },
    {
      "id": 1362409188,
      "first_name": "arul",
      "username": "arul09_09",
      "joined_at": "2025-11-18T05:44:44.160Z",
      "last_use": "2025-11-18T05:46:18.612Z"
    },
    {
      "id": 6240903766,
      "first_name": "Zero",
      "username": "",
      "joined_at": "2025-11-18T08:46:50.483Z",
      "last_use": "2025-11-18T08:47:44.964Z"
    },
    {
      "id": 5347438783,
      "first_name": "@adm_tren",
      "username": "adm_tren",
      "joined_at": "2025-11-18T12:52:32.417Z",
      "last_use": "2025-11-18T12:52:45.397Z"
    },
    {
      "id": 8171920477,
      "first_name": "𝐀𝐏𝐗 || Hirr",
      "username": "HirrVon",
      "joined_at": "2025-11-18T13:03:54.232Z",
      "last_use": "2025-11-18T13:03:54.232Z"
    }
  ],
  "transactions": [],
  "broadcasts": [
    {
      "text": "udah bener nih SC nya yuk di beli",
      "by": 8218627647,
      "at": "2025-11-18T01:53:47.003Z",
      "delivered": 5,
      "failed": 0
    },
    {
      "text": "panel public murah open chat wa/tele",
      "by": 8218627647,
      "at": "2025-11-18T05:09:53.569Z",
      "delivered": 5,
      "failed": 0
    },
    {
      "text": "📢 BROADCAST MESSAGE\n\nREQUEST FITUR PAKE /req",
      "by": 8218627647,
      "at": "2025-11-18T08:32:49.582Z",
      "delivered": 6,
      "failed": 0
    }
  ],
  "deposits": [
    {
      "order_id": "DEP-8218627647-1763093300011",
      "owner_id": 8218627647,
      "base_amount": 8000,
      "paid_amount": 8193,
      "created_at": "2025-11-14T04:09:53.356Z"
    },
    {
      "order_id": "DEP-8218627647-1763135467210",
      "owner_id": 8218627647,
      "base_amount": 11000,
      "paid_amount": 11172,
      "created_at": "2025-11-14T15:52:49.767Z"
    },
    {
      "order_id": "DEP-8218627647-1763479403719",
      "owner_id": 8218627647,
      "base_amount": 3000,
      "paid_amount": 3146,
      "created_at": "2025-11-18T15:24:29.580Z"
    }
  ],
  "settings": {
    "script": []
  },
  "reseller_orders": [],
  "alpha_ai": {
    "8218627647": false,
    "-1003397061966": false
  }
}